{"val/loss": 0.10025288909673691, "val/acc": 0.9721999764442444, "val/acc_best": 0.9771999716758728, "epoch": 10, "trainer/global_step": 4300, "_timestamp": 1715625947.214807, "_runtime": 42.18244910240173, "_step": 20, "train/loss": 0.022508671507239342, "train/acc": 0.9924908876419067, "test/loss": 0.07095449417829514, "test/acc": 0.9781000018119812, "_wandb": {"runtime": 41}}