{"val/loss": 0.09277205914258957, "val/acc": 0.974399983882904, "val/acc_best": 0.9761999845504761, "epoch": 10, "trainer/global_step": 4300, "_timestamp": 1715634694.3696032, "_runtime": 225.27784204483032, "_step": 20, "train/loss": 0.023706704378128052, "train/acc": 0.9919999837875366, "test/loss": 0.07762417942285538, "test/acc": 0.9746999740600586, "_wandb": {"runtime": 225}}