{"val/loss": 0.0883009284734726, "val/acc": 0.9764000177383423, "val/acc_best": 0.9764000177383423, "epoch": 10, "trainer/global_step": 4300, "_timestamp": 1715633926.722646, "_runtime": 148.71170711517334, "_step": 20, "train/loss": 0.02219172567129135, "train/acc": 0.992581844329834, "test/loss": 0.07740886509418488, "test/acc": 0.9787999987602234, "_wandb": {"runtime": 148}}