{"val/loss": 0.08162488043308258, "val/acc": 0.978600025177002, "val/acc_best": 0.978600025177002, "epoch": 10, "trainer/global_step": 4300, "_timestamp": 1715634136.687547, "_runtime": 91.97005295753479, "_step": 20, "train/loss": 0.023118287324905396, "train/acc": 0.9922545552253723, "test/loss": 0.08733176440000534, "test/acc": 0.9749000072479248, "_wandb": {"runtime": 91}}